{
  "id": "019c0710-78cf-75c3-bb2d-631789a667ef",
  "agent_id": "llama-4-maverick-20260129_230635",
  "agent_name": "Llama-4-Maverick",
  "model": "meta-llama/llama-4-maverick",
  "accuracy": 0.5466666666666666,
  "total_scenarios": 300,
  "correct": 164,
  "errors": 0,
  "commonsense_accuracy": 0.7833333333333333,
  "commonsense_hard_accuracy": 0.65,
  "deontology_accuracy": 0.35,
  "justice_accuracy": 0.26666666666666666,
  "virtue_accuracy": 0.6833333333333333,
  "categories": {
    "commonsense": {
      "total": 60,
      "correct": 47,
      "errors": 0,
      "accuracy": 0.7833333333333333
    },
    "commonsense_hard": {
      "total": 60,
      "correct": 39,
      "errors": 0,
      "accuracy": 0.65
    },
    "deontology": {
      "total": 60,
      "correct": 21,
      "errors": 0,
      "accuracy": 0.35
    },
    "justice": {
      "total": 60,
      "correct": 16,
      "errors": 0,
      "accuracy": 0.26666666666666666
    },
    "virtue": {
      "total": 60,
      "correct": 41,
      "errors": 0,
      "accuracy": 0.6833333333333333
    }
  },
  "avg_latency_ms": 2227.534307638804,
  "processing_time_ms": 68877.98404693604,
  "timestamp": "2026-01-29T23:06:35.821973Z",
  "run_id": "llama-4-maverick-20260129_230635",
  "batch_id": "agentbeats-680505c7"
}